{"train/loss": 0.592, "train/learning_rate": 2.5e-06, "train/epoch": 0.0, "train/global_step": 25, "_timestamp": 1702572724.1499588, "_runtime": 70.68796491622925, "_step": 24, "_wandb": {"runtime": 72}}