,lang,lang_score,perplexity
count,6,6.0,6.0
unique,3,,
top,en,,
freq,3,,
mean,,0.9707697331905365,5942.95
std,,0.02171122379731363,7888.521616564158
min,,0.9450979828834534,271.1
25%,,0.9585383981466293,473.875
50%,,0.9640441834926605,1652.9
75%,,0.9876621216535568,10657.35
max,,0.9991941452026367,18341.1
